FORKLIFT, WayPoint
FORKD, CI02
FORKD, CI03
FORKD, CI04
FORKD, CI05
FORKD, CI06
FORKW, CO01
FORKW, CO02
FORKW, CO03
FORKW, CO04
FORKW, CO05
FORKW, CO06
FORKW, CO07
FORKW, CO08
FORKW, CO09
FORKW, CO10
FORKW, CO11
FORKW, CO12
FORKW, CO13
FORKW, CO14
FORKW, CO15
FORKW, CO16
FORKW, CO17
FORKW, CO18
FORKW, CO19
FORKW, CO20
FORKW, CO21
FORKW, CO22
FORKW, CO23
FORKW, CO24
FORKW, CO25
FORKW, CO26
FORKW, CO27
FORKW, CR01
FORKW, CR02
FORKW, CR03
FORKW, CR04
FORKD, DD01
FORKD, DD02
FORKD, DD03
FORKD, DD04
FORKD, DD05
FORKD, DD06
FORKD, DD07
FORKD, DD08
FORKD, DD09
FORKD, DD10
FORKD, DD11
FORKD, DD12
FORKD, DD13
FORKD, DD14
FORKD, DD15
FORKW, DD01
FORKW, DD02
FORKW, DD03
FORKW, DD04
FORKW, DD05
FORKW, DD06
FORKW, DD07
FORKW, DD08
FORKW, DD09
FORKW, DD10
FORKW, DD11
FORKW, DD12
FORKW, DD13
FORKW, DD14
FORKW, DD15